Giorno, Nome, Prezzo
1
Amazon
97.345156757343
---------
2
Amazon
96.21669502500292
---------
3
Amazon
98.1694371944347
---------
4
Amazon
100.09267709146417
---------
5
Amazon
99.99561475422382
---------
