Giorno, Nome, Prezzo
1,Amazon,100.0
2,Amazon,100.57669191109682
3,Amazon,101.7586574778746
4,Amazon,102.22620167926749
5,Amazon,105.1201685407016
